Train,Validation,Test on MSMARCO,Model
431.63,464.9,417.28,KNRM
318.5561696,435.9593854,183.9809065,MatchPyramid
264.79,400.32,394.24,CONV-KNRM
