params,precision,recall,f1-score,support
"n_estimators=1, criterion=entropy",0.5200652959572718,0.513650501094344,0.5162878117987577,8681
"n_estimators=10, criterion=entropy, max_depth=10",0.6660580416132494,0.6592558461006797,0.6607122405028486,8681
"n_estimators=50, criterion=entropy, max_depth=10",0.7091986578600891,0.707522174864647,0.7062238185398604,8681
"n_estimators=150, criterion=entropy, max_depth=10",0.7151921888218203,0.7151249856007372,0.7134776182266376,8681
"n_estimators=150, criterion=entropy, max_depth=2",0.5211446893577565,0.5201013708098146,0.5045681761726643,8681
"n_estimators=500, criterion=entropy, max_depth=10",0.7216208224065387,0.7209998848058979,0.7200767122554029,8681
"n_estimators=500, criterion=entropy, max_depth=2",0.5313046384407234,0.5347310217716853,0.5182826982378405,8681
"n_estimators=1000, criterion=entropy, max_depth=2",0.5375057056847087,0.535767768690243,0.5212012898900822,8681
"n_estimators=1000, criterion=entropy, max_depth=10",0.7181565824966585,0.7177744499481626,0.7165157132678828,8681
